শুনেন	শুন+েন	hear+PRES.3P.FORM
বাড়িগুলো	বাড়ি+গুলো	home+PL
বললে	বল+লে	say+PAST.2P
রান্ধছেন	রান্ধ+ছেন	cook+PROG.3P.FORM
দেশটা	দেশ+টা	country+DEF.SG
মেয়েটা	মেয়ে+টা	girl+DEF.SG
নাচবেন	নাচ+বেন	dance+FUT.3P.FORM
বলি	বল+ি	say+PRES.1P
পড়ছি	পড়+ছি	read/fall+PROG.1P
লিখি	লিখ+ি	write+PRES.1P
ভাষাটি	ভাষা+টি	language+DEF.SG.FORM
ঘুমব	ঘুম+ব	sleep+FUT.1P
করবে	কর+বে	do+FUT.3P
খাে	খা+ে	eat+PRES.3P
দেখে	দেখ+ে	see+PRES.3P
করছি	কর+ছি	do+PROG.1P
শুনলে	শুন+লে	hear+PAST.2P
মানুষগণ	মানুষ+গণ	person+PL.FORM
নদীটাকে	নদী+টাকে	river+OBJ
যালেন	যা+লেন	go+PAST.3P.FORM
চলে	চল+ে	walk/move+PRES.3P
খাবেন	খা+বেন	eat+FUT.3P.FORM
খাছেন	খা+ছেন	eat+PROG.3P.FORM
দেখছে	দেখ+ছে	see+PROG.3P
খাি	খা+ি	eat+PRES.1P
করছেন	কর+ছেন	do+PROG.3P.FORM
ভাষার	ভাষা+র	language+GEN
গাছএ	গাছ+এ	tree+LOC
খেলবে	খেল+বে	play+FUT.3P
লিখব	লিখ+ব	write+FUT.1P
পাখিকে	পাখি+কে	bird+OBJ
পাখির	পাখি+র	bird+GEN
আসব	আস+ব	come+FUT.1P
ঘুমল	ঘুম+ল	sleep+PAST.3P
পড়ি	পড়+ি	read/fall+PRES.1P
লিখছে	লিখ+ছে	write+PROG.3P
ছাত্রকে	ছাত্র+কে	student+OBJ
খালেন	খা+লেন	eat+PAST.3P.FORM
আসবেন	আস+বেন	come+FUT.3P.FORM
নদীটা	নদী+টা	river+DEF.SG
পড়বেন	পড়+বেন	read/fall+FUT.3P.FORM
রান্ধেন	রান্ধ+েন	cook+PRES.3P.FORM
চলছে	চল+ছে	walk/move+PROG.3P
পড়ছেন	পড়+ছেন	read/fall+PROG.3P.FORM
করছে	কর+ছে	do+PROG.3P
বলবেন	বল+বেন	say+FUT.3P.FORM
ঘুমবেন	ঘুম+বেন	sleep+FUT.3P.FORM
গাছটি	গাছ+টি	tree+DEF.SG.FORM
লিখে	লিখ+ে	write+PRES.3P
দেখলে	দেখ+লে	see+PAST.2P
ছেলেটা	ছেলে+টা	boy+DEF.SG
আসলে	আস+লে	come+PAST.2P
আসছি	আস+ছি	come+PROG.1P
ভাষাটাকে	ভাষা+টাকে	language+OBJ
দেখলেন	দেখ+লেন	see+PAST.3P.FORM
ছেলেকে	ছেলে+কে	boy+OBJ
পড়েন	পড়+েন	read/fall+PRES.3P.FORM
লিখছেন	লিখ+ছেন	write+PROG.3P.FORM
আসে	আস+ে	come+PRES.3P
আসবে	আস+বে	come+FUT.3P
আসছে	আস+ছে	come+PROG.3P
হাসি	হাস+ি	laugh+PRES.1P
দেখবেন	দেখ+বেন	see+FUT.3P.FORM
গাছটাকে	গাছ+টাকে	tree+OBJ
ছাত্রগণ	ছাত্র+গণ	student+PL.FORM
যাল	যা+ল	go+PAST.3P
দেশটি	দেশ+টি	country+DEF.SG.FORM
খেলে	খেল+ে	play+PRES.3P
বলবে	বল+বে	say+FUT.3P
করলে	কর+লে	do+PAST.2P
ঘুমলেন	ঘুম+লেন	sleep+PAST.3P.FORM
দেখব	দেখ+ব	see+FUT.1P
আসি	আস+ি	come+PRES.1P
চলল	চল+ল	walk/move+PAST.3P
শহরর	শহর+র	city+GEN
খেললেন	খেল+লেন	play+PAST.3P.FORM
ছাত্রর	ছাত্র+র	student+GEN
ঘরটাকে	ঘর+টাকে	house+OBJ
যাব	যা+ব	go+FUT.1P
বলিস	বল+িস	say+PRES.2P.INTIM
পড়ব	পড়+ব	read/fall+FUT.1P
করিস	কর+িস	do+PRES.2P.INTIM
ঘরগুলি	ঘর+গুলি	house+PL.FORM
ছাত্ররা	ছাত্র+রা	student+PL
ঘরগুলো	ঘর+গুলো	house+PL
শিক্ষকতে	শিক্ষক+তে	teacher+LOC
খাছে	খা+ছে	eat+PROG.3P
রান্ধবেন	রান্ধ+বেন	cook+FUT.3P.FORM
হাসছি	হাস+ছি	laugh+PROG.1P
লিখবে	লিখ+বে	write+FUT.3P
পড়লাম	পড়+লাম	read/fall+PAST.1P
শুনছেন	শুন+ছেন	hear+PROG.3P.FORM
যােন	যা+েন	go+PRES.3P.FORM
পড়ল	পড়+ল	read/fall+PAST.3P
যাছি	যা+ছি	go+PROG.1P
গাছর	গাছ+র	tree+GEN
ছাত্রতে	ছাত্র+তে	student+LOC
খাল	খা+ল	eat+PAST.3P
নাচব	নাচ+ব	dance+FUT.1P
মেয়েতে	মেয়ে+তে	girl+LOC
চলি	চল+ি	walk/move+PRES.1P
আসেন	আস+েন	come+PRES.3P.FORM
দেশর	দেশ+র	country+GEN
খেলবেন	খেল+বেন	play+FUT.3P.FORM
বইগুলো	বই+গুলো	book+PL
হাসবে	হাস+বে	laugh+FUT.3P
নাচলেন	নাচ+লেন	dance+PAST.3P.FORM
ফুলগুলি	ফুল+গুলি	flower+PL.FORM
খােন	খা+েন	eat+PRES.3P.FORM
বাড়িটি	বাড়ি+টি	home+DEF.SG.FORM
গাছটা	গাছ+টা	tree+DEF.SG
যাি	যা+ি	go+PRES.1P
হাসে	হাস+ে	laugh+PRES.3P
রান্ধলাম	রান্ধ+লাম	cook+PAST.1P
দেখি	দেখ+ি	see+PRES.1P
শিক্ষককে	শিক্ষক+কে	teacher+OBJ
পাখিগণ	পাখি+গণ	bird+PL.FORM
দেখছি	দেখ+ছি	see+PROG.1P
বলেন	বল+েন	say+PRES.3P.FORM
হাসছে	হাস+ছে	laugh+PROG.3P
ভাষাগুলি	ভাষা+গুলি	language+PL.FORM
হাসল	হাস+ল	laugh+PAST.3P
বাড়িটাকে	বাড়ি+টাকে	home+OBJ
করল	কর+ল	do+PAST.3P
হাসব	হাস+ব	laugh+FUT.1P
শিক্ষকগণ	শিক্ষক+গণ	teacher+PL.FORM
শহরএ	শহর+এ	city+LOC
করলেন	কর+লেন	do+PAST.3P.FORM
নাচছি	নাচ+ছি	dance+PROG.1P
দেখবে	দেখ+বে	see+FUT.3P
ঘরএ	ঘর+এ	house+LOC
ঘুমেন	ঘুম+েন	sleep+PRES.3P.FORM
ভাষাটা	ভাষা+টা	language+DEF.SG
নাচি	নাচ+ি	dance+PRES.1P
মেয়েরা	মেয়ে+রা	girl+PL
যালাম	যা+লাম	go+PAST.1P
রান্ধি	রান্ধ+ি	cook+PRES.1P
ঘুমিস	ঘুম+িস	sleep+PRES.2P.INTIM
খেললাম	খেল+লাম	play+PAST.1P
শহরটা	শহর+টা	city+DEF.SG
নদীগুলি	নদী+গুলি	river+PL.FORM
রান্ধবে	রান্ধ+বে	cook+FUT.3P
দেখল	দেখ+ল	see+PAST.3P
বলছে	বল+ছে	say+PROG.3P
আসল	আস+ল	come+PAST.3P
ঘুমবে	ঘুম+বে	sleep+FUT.3P
বইর	বই+র	book+GEN
গাছগুলি	গাছ+গুলি	tree+PL.FORM
ঘুমছেন	ঘুম+ছেন	sleep+PROG.3P.FORM
শুনলাম	শুন+লাম	hear+PAST.1P
ঘুমছে	ঘুম+ছে	sleep+PROG.3P
যাবে	যা+বে	go+FUT.3P
পাখিতে	পাখি+তে	bird+LOC
নাচল	নাচ+ল	dance+PAST.3P
চলিস	চল+িস	walk/move+PRES.2P.INTIM
ছেলের	ছেলে+র	boy+GEN
রান্ধলেন	রান্ধ+লেন	cook+PAST.3P.FORM
আসলেন	আস+লেন	come+PAST.3P.FORM
খেলিস	খেল+িস	play+PRES.2P.INTIM
ফুলএ	ফুল+এ	flower+LOC
লিখিস	লিখ+িস	write+PRES.2P.INTIM
করব	কর+ব	do+FUT.1P
বইটা	বই+টা	book+DEF.SG
গাছগুলো	গাছ+গুলো	tree+PL
শুনলেন	শুন+লেন	hear+PAST.3P.FORM
ঘুমে	ঘুম+ে	sleep+PRES.3P
করি	কর+ি	do+PRES.1P
শুনিস	শুন+িস	hear+PRES.2P.INTIM
শহরগুলি	শহর+গুলি	city+PL.FORM
নদীটি	নদী+টি	river+DEF.SG.FORM
নাচলাম	নাচ+লাম	dance+PAST.1P
নাচবে	নাচ+বে	dance+FUT.3P
শুনবে	শুন+বে	hear+FUT.3P
খাছি	খা+ছি	eat+PROG.1P
যাছে	যা+ছে	go+PROG.3P
বলল	বল+ল	say+PAST.3P
রান্ধব	রান্ধ+ব	cook+FUT.1P
দেখলাম	দেখ+লাম	see+PAST.1P
বইটাকে	বই+টাকে	book+OBJ
ছাত্রটা	ছাত্র+টা	student+DEF.SG
চললে	চল+লে	walk/move+PAST.2P
শিক্ষকরা	শিক্ষক+রা	teacher+PL
ফুলর	ফুল+র	flower+GEN
আসছেন	আস+ছেন	come+PROG.3P.FORM
হাসেন	হাস+েন	laugh+PRES.3P.FORM
দেশএ	দেশ+এ	country+LOC
ঘরর	ঘর+র	house+GEN
ঘুমলে	ঘুম+লে	sleep+PAST.2P
খেলেন	খেল+েন	play+PRES.3P.FORM
মানুষরা	মানুষ+রা	person+PL
বললাম	বল+লাম	say+PAST.1P
শুনছে	শুন+ছে	hear+PROG.3P
ফুলগুলো	ফুল+গুলো	flower+PL
বলছেন	বল+ছেন	say+PROG.3P.FORM
বইএ	বই+এ	book+LOC
বইগুলি	বই+গুলি	book+PL.FORM
লিখবেন	লিখ+বেন	write+FUT.3P.FORM
ঘরটা	ঘর+টা	house+DEF.SG
পাখিটা	পাখি+টা	bird+DEF.SG
রান্ধল	রান্ধ+ল	cook+PAST.3P
লিখছি	লিখ+ছি	write+PROG.1P
নাচছেন	নাচ+ছেন	dance+PROG.3P.FORM
ফুলটা	ফুল+টা	flower+DEF.SG
ঘুমছি	ঘুম+ছি	sleep+PROG.1P
মেয়েকে	মেয়ে+কে	girl+OBJ
ভাষাএ	ভাষা+এ	language+LOC
নদীর	নদী+র	river+GEN
চললাম	চল+লাম	walk/move+PAST.1P
ঘুমি	ঘুম+ি	sleep+PRES.1P
খেলছে	খেল+ছে	play+PROG.3P
পড়িস	পড়+িস	read/fall+PRES.2P.INTIM
বইটি	বই+টি	book+DEF.SG.FORM
ঘরটি	ঘর+টি	house+DEF.SG.FORM
খেললে	খেল+লে	play+PAST.2P
দেখিস	দেখ+িস	see+PRES.2P.INTIM
শহরগুলো	শহর+গুলো	city+PL
হাসিস	হাস+িস	laugh+PRES.2P.INTIM
করলাম	কর+লাম	do+PAST.1P
লিখলে	লিখ+লে	write+PAST.2P
মেয়ের	মেয়ে+র	girl+GEN
খািস	খা+িস	eat+PRES.2P.INTIM
হাসলেন	হাস+লেন	laugh+PAST.3P.FORM
শুনব	শুন+ব	hear+FUT.1P
দেশগুলি	দেশ+গুলি	country+PL.FORM
যালে	যা+লে	go+PAST.2P
লিখলেন	লিখ+লেন	write+PAST.3P.FORM
শহরটাকে	শহর+টাকে	city+OBJ
চলেন	চল+েন	walk/move+PRES.3P.FORM
পড়ছে	পড়+ছে	read/fall+PROG.3P
চলছেন	চল+ছেন	walk/move+PROG.3P.FORM
বলব	বল+ব	say+FUT.1P
হাসলে	হাস+লে	laugh+PAST.2P
খেলছেন	খেল+ছেন	play+PROG.3P.FORM
